sample_id,adenosine,adenine,SAHH
CF6,300,0,0.081250
CF7,125,0,0.081250
CF8,100,0,0.081250
CF9,75,0,0.081250
CF10,50,0,0.081250
